{
    "header": [
        " *   ",
        " *   文件描述：本文件为网页资源信息",
        " *   success字段为下载保存成功的资源;failures字段则为下载保存失败的资源URL",
        " *   success字段为标准树结构，每一层资源父子关系、URL和保存路径清晰明了",
        " *   本文件仅为记录检测到的网页资源以便于调试，非专业人员可将本文件删除",
        " *   详细介绍请参考: https://bazhan.me/faq",
        " *   "
    ],
    "success": [
        {
            "url": "http://www.dmaku.com/demo/moban/2019092010097989/",
            "path": "index.html",
            "children": [
                {
                    "url": "http://www.dmaku.com/demo/moban/2019092010097989/picture/logo.png",
                    "path": "images/logo.png"
                },
                {
                    "url": "http://www.dmaku.com/demo/moban/2019092010097989/picture/1-1G1241633000-L.jpg",
                    "path": "images/1-1G1241633000-L.jpeg"
                },
                {
                    "url": "http://www.dmaku.com/demo/moban/2019092010097989/picture/1-1G1241632400-L.jpg",
                    "path": "images/1-1G1241632400-L.jpeg"
                },
                {
                    "url": "http://www.dmaku.com/demo/moban/2019092010097989/picture/fu.png",
                    "path": "images/fu.png"
                },
                {
                    "url": "http://www.dmaku.com/demo/moban/2019092010097989/picture/1-1G124164UI26.png",
                    "path": "images/1-1G124164UI26.png"
                },
                {
                    "url": "http://www.dmaku.com/demo/moban/2019092010097989/picture/1-1G124164919517.png",
                    "path": "images/1-1G124164919517.png"
                },
                {
                    "url": "http://www.dmaku.com/demo/moban/2019092010097989/picture/1-1G1241A210Y0.png",
                    "path": "images/1-1G1241A210Y0.png"
                },
                {
                    "url": "http://www.dmaku.com/demo/moban/2019092010097989/picture/1-1G1241A302345.png",
                    "path": "images/1-1G1241A302345.png"
                },
                {
                    "url": "http://www.dmaku.com/demo/moban/2019092010097989/picture/1-1G1241A345224.png",
                    "path": "images/1-1G1241A345224.png"
                },
                {
                    "url": "http://www.dmaku.com/demo/moban/2019092010097989/picture/bm.png",
                    "path": "images/bm.png"
                },
                {
                    "url": "http://www.dmaku.com/demo/moban/2019092010097989/picture/1-1G1251509250-L.jpg",
                    "path": "images/1-1G1251509250-L.jpeg"
                },
                {
                    "url": "http://www.dmaku.com/demo/moban/2019092010097989/picture/1-1G125150Q80-L.jpg",
                    "path": "images/1-1G125150Q80-L.jpeg"
                },
                {
                    "url": "http://www.dmaku.com/demo/moban/2019092010097989/picture/1-1G125150G40-L.jpg",
                    "path": "images/1-1G125150G40-L.jpeg"
                },
                {
                    "url": "http://www.dmaku.com/demo/moban/2019092010097989/js/index.js",
                    "path": "js/index.js"
                },
                {
                    "url": "http://www.dmaku.com/demo/moban/2019092010097989/css/index.css",
                    "path": "css/index.css",
                    "children": [
                        {
                            "url": "http://www.dmaku.com/demo/moban/2019092010097989/fonts/web-icons.eot",
                            "path": "fonts/web-icons.eot"
                        },
                        {
                            "url": "http://www.dmaku.com/demo/moban/2019092010097989/fonts/web-icons.woff2",
                            "path": "fonts/web-icons.woff2"
                        },
                        {
                            "url": "http://www.dmaku.com/demo/moban/2019092010097989/fonts/web-icons.woff",
                            "path": "fonts/web-icons.woff"
                        },
                        {
                            "url": "http://www.dmaku.com/demo/moban/2019092010097989/fonts/web-icons.ttf",
                            "path": "fonts/web-icons.ttf"
                        },
                        {
                            "url": "http://www.dmaku.com/demo/moban/2019092010097989/fonts/web-icons.svg",
                            "path": "images/web-icons.svg"
                        },
                        {
                            "url": "http://www.dmaku.com/demo/moban/2019092010097989/fonts/fontawesome-webfont.eot",
                            "path": "fonts/fontawesome-webfont.eot"
                        },
                        {
                            "url": "http://www.dmaku.com/demo/moban/2019092010097989/fonts/fontawesome-webfont.woff2",
                            "path": "fonts/fontawesome-webfont.woff2"
                        },
                        {
                            "url": "http://www.dmaku.com/demo/moban/2019092010097989/fonts/fontawesome-webfont.woff",
                            "path": "fonts/fontawesome-webfont.woff"
                        },
                        {
                            "url": "http://www.dmaku.com/demo/moban/2019092010097989/fonts/fontawesome-webfont.ttf",
                            "path": "fonts/fontawesome-webfont.ttf"
                        },
                        {
                            "url": "http://www.dmaku.com/demo/moban/2019092010097989/fonts/fontawesome-webfont.svg",
                            "path": "images/fontawesome-webfont.svg"
                        },
                        {
                            "url": "http://www.dmaku.com/demo/moban/2019092010097989/fonts/lg.eot",
                            "path": "fonts/lg.eot"
                        },
                        {
                            "url": "http://www.dmaku.com/demo/moban/2019092010097989/fonts/lg.woff",
                            "path": "fonts/lg.woff"
                        },
                        {
                            "url": "http://www.dmaku.com/demo/moban/2019092010097989/fonts/lg.ttf",
                            "path": "fonts/lg.ttf"
                        },
                        {
                            "url": "http://www.dmaku.com/demo/moban/2019092010097989/fonts/lg.svg",
                            "path": "images/lg.svg"
                        },
                        {
                            "url": "http://www.dmaku.com/demo/moban/2019092010097989/images/vimeo-play.png",
                            "path": "images/vimeo-play.png"
                        },
                        {
                            "url": "http://www.dmaku.com/demo/moban/2019092010097989/images/video-play.png",
                            "path": "images/video-play.png"
                        },
                        {
                            "url": "http://www.dmaku.com/demo/moban/2019092010097989/images/youtube-play.png",
                            "path": "images/youtube-play.png"
                        },
                        {
                            "url": "http://www.dmaku.com/demo/moban/2019092010097989/images/loading.gif",
                            "path": "images/loading.gif"
                        },
                        {
                            "url": "http://www.dmaku.com/demo/moban/2019092010097989/images/ajax-loader.gif",
                            "path": "images/ajax-loader.gif"
                        },
                        {
                            "url": "http://www.dmaku.com/demo/moban/2019092010097989/fonts/slick.eot",
                            "path": "fonts/slick.eot"
                        },
                        {
                            "url": "http://www.dmaku.com/demo/moban/2019092010097989/fonts/slick.woff",
                            "path": "fonts/slick.woff"
                        },
                        {
                            "url": "http://www.dmaku.com/demo/moban/2019092010097989/fonts/slick.ttf",
                            "path": "fonts/slick.ttf"
                        },
                        {
                            "url": "http://www.dmaku.com/demo/moban/2019092010097989/fonts/slick.svg#slick",
                            "path": "images/slick.svg"
                        },
                        {
                            "url": "http://www.dmaku.com/demo/moban/2019092010097989/fonts/pe-icon-7-stroke.eot",
                            "path": "fonts/pe-icon-7-stroke.eot"
                        },
                        {
                            "url": "http://www.dmaku.com/demo/moban/2019092010097989/fonts/pe-icon-7-stroke.woff",
                            "path": "fonts/pe-icon-7-stroke.woff"
                        },
                        {
                            "url": "http://www.dmaku.com/demo/moban/2019092010097989/fonts/pe-icon-7-stroke.ttf",
                            "path": "fonts/pe-icon-7-stroke.ttf"
                        },
                        {
                            "url": "http://www.dmaku.com/demo/moban/2019092010097989/fonts/pe-icon-7-stroke.svg",
                            "path": "images/pe-icon-7-stroke.svg"
                        }
                    ]
                },
                {
                    "url": "http://www.dmaku.com/demo/moban/2019092010097989/video/video.mp4",
                    "path": "media/video.mp4"
                }
            ]
        }
    ],
    "failures": []
}